date,pm25,no2
2014-01-01,,
2014-01-02,47,
2014-01-03,45,
2014-01-04,38,
2014-01-05,54,
2014-01-06,57,
2014-01-07,38,
2014-01-08,45,
2014-01-09,57,
2014-01-10,62,
2014-01-11,83,
2014-01-12,43,
2014-01-13,27,
2014-01-14,52,
2014-01-15,45,
2014-01-16,57,
2014-01-17,80,
2014-01-18,71,
2014-01-19,51,
2014-01-20,52,
2014-01-21,,
2014-01-22,48,
2014-01-23,55,
2014-01-24,61,
2014-01-25,51,
2014-01-26,59,
2014-01-27,50,
2014-01-28,59,
2014-01-29,43,
2014-01-30,59,
2014-01-31,60,
2014-02-01,68,
2014-02-02,71,
2014-02-03,67,
2014-02-04,55,
2014-02-05,66,
2014-02-06,50,
2014-02-07,60,
2014-02-08,65,
2014-02-09,63,
2014-02-10,57,
2014-02-11,68,
2014-02-12,64,
2014-02-13,54,
2014-02-14,30,
2014-02-15,32,
2014-02-16,82,
2014-02-17,42,
2014-02-18,34,
2014-02-19,56,
2014-02-20,76,
2014-02-21,58,
2014-02-22,36,
2014-02-24,,
2014-02-25,36,
2014-02-26,48,
2014-02-27,46,
2014-02-28,53,
2014-03-01,49,
2014-03-02,61,
2014-03-03,73,
2014-03-04,45,
2014-03-05,52,
2014-03-06,53,
2014-03-07,51,
2014-03-08,59,
2014-03-09,68,
2014-03-10,45,
2014-03-11,56,
2014-03-12,70,
2014-03-13,96,
2014-03-14,34,
2014-03-15,45,
2014-03-16,51,
2014-03-17,25,
2014-03-18,36,
2014-03-19,36,
2014-03-20,52,
2014-03-21,51,
2014-03-22,37,
2014-03-23,47,
2014-03-24,39,
2014-03-25,33,
2014-03-26,48,
2014-03-27,45,
2014-03-28,38,
2014-03-29,50,
2014-03-30,15,
2014-03-31,30,
2014-04-01,29,
2014-04-02,57,
2014-04-03,51,
2014-04-04,46,
2014-04-05,40,
2014-04-06,35,
2014-04-07,46,
2014-04-08,35,
2014-04-09,32,
2014-04-10,39,
2014-04-11,55,
2014-04-12,41,
2014-04-13,47,
2014-04-14,38,
2014-04-15,36,
2014-04-16,39,
2014-04-17,34,
2014-04-18,45,
2014-04-19,54,
2014-04-20,31,
2014-04-21,36,
2014-04-22,49,
2014-04-23,46,
2014-04-24,21,
2014-04-25,28,
2014-04-26,25,
2014-04-27,27,
2014-04-28,24,
2014-04-29,35,
2014-04-30,29,
2014-05-01,48,
2014-05-02,40,
2014-05-03,30,
2014-05-04,32,
2014-05-05,19,
2014-05-06,22,
2014-05-07,36,
2014-05-08,39,
2014-05-09,61,
2014-05-11,,
2014-05-12,45,
2014-05-13,29,
2014-05-14,33,
2014-05-15,36,
2014-05-16,33,
2014-05-17,29,
2014-05-18,26,
2014-05-19,34,
2014-05-20,30,
2014-05-21,32,
2014-05-22,27,
2014-05-23,29,
2014-05-24,26,
2014-05-25,40,
2014-05-26,47,
2014-05-27,48,
2014-05-28,24,
2014-05-29,35,
2014-05-30,42,
2014-05-31,27,
2014-06-01,44,
2014-06-02,44,
2014-06-03,49,
2014-06-04,25,
2014-06-05,31,
2014-06-06,33,
2014-06-07,26,
2014-06-08,35,
2014-06-09,43,
2014-06-10,45,
2014-06-11,25,
2014-06-12,26,
2014-06-13,33,
2014-06-14,31,
2014-06-15,20,
2014-06-16,34,
2014-06-17,49,
2014-06-18,54,
2014-06-19,30,
2014-06-20,31,
2014-06-21,28,
2014-06-22,32,
2014-06-23,41,
2014-06-24,42,
2014-06-25,46,
2014-06-26,35,
2014-06-27,29,
2014-06-28,50,
2014-06-29,48,
2014-06-30,46,
2014-07-01,47,
2014-07-02,50,
2014-07-03,57,
2014-07-04,35,
2014-07-05,24,
2014-07-06,39,
2014-07-07,60,
2014-07-08,63,
2014-07-09,46,
2014-07-10,40,
2014-07-11,45,
2014-07-12,49,
2014-07-13,38,
2014-07-14,49,
2014-07-15,41,
2014-07-16,42,
2014-07-17,40,
2014-07-18,53,
2014-07-19,59,
2014-07-20,39,
2014-07-21,43,
2014-07-22,54,
2014-07-23,51,
2014-07-24,38,
2014-07-25,60,
2014-07-26,50,
2014-07-27,47,
2014-07-28,46,
2014-07-29,33,
2014-07-30,36,
2014-07-31,47,
2014-08-01,59,
2014-08-02,43,
2014-08-03,39,
2014-08-04,51,
2014-08-05,56,
2014-08-06,54,
2014-08-07,55,
2014-08-08,42,
2014-08-09,47,
2014-08-10,54,
2014-08-11,52,
2014-08-12,35,
2014-08-13,50,
2014-08-14,34,
2014-08-15,47,
2014-08-16,41,
2014-08-17,,
2014-08-18,43,
2014-08-19,49,
2014-08-20,55,
2014-08-21,48,
2014-08-22,37,
2014-08-23,32,
2014-08-24,46,
2014-08-25,58,
2014-08-26,59,
2014-08-27,58,
2014-08-28,53,
2014-08-29,32,
2014-08-30,39,
2014-08-31,47,
2014-09-01,49,
2014-09-02,56,
2014-09-03,49,
2014-09-04,52,
2014-09-05,61,
2014-09-06,59,
2014-09-07,28,
2014-09-08,39,
2014-09-09,35,
2014-09-10,44,
2014-09-11,49,
2014-09-12,29,
2014-09-14,,
2014-09-15,18,
2014-09-16,47,
2014-09-17,46,
2014-09-18,52,
2014-09-19,47,
2014-09-21,,
2014-09-22,40,
2014-09-23,44,
2014-09-24,46,
2014-09-25,43,
2014-09-26,50,
2014-09-28,,
2014-09-29,64,
2014-09-30,26,
2014-10-01,33,
2014-10-02,36,
2014-10-03,51,
2014-10-05,,
2014-10-06,51,
2014-10-07,50,
2014-10-08,43,
2014-10-09,47,
2014-10-10,41,
2014-10-13,,
2014-10-14,45,
2014-10-15,39,
2014-10-16,32,
2014-10-17,50,
2014-10-19,,
2014-10-20,48,
2014-10-21,47,
2014-10-22,32,
2014-10-23,20,
2014-10-24,18,
2014-10-25,38,
2014-10-27,28,
2014-10-28,41,
2014-10-29,57,
2014-10-30,75,
2014-10-31,46,
2014-11-01,40,
2014-11-02,39,
2014-11-03,51,
2014-11-04,47,
2014-11-05,55,
2014-11-06,62,
2014-11-07,66,
2014-11-08,49,
2014-11-09,44,
2014-11-10,51,
2014-11-11,57,
2014-11-12,60,
2014-11-13,59,
2014-11-14,43,
2014-11-15,55,
2014-11-16,53,
2014-11-17,55,
2014-11-18,79,
2014-11-19,45,
2014-11-20,50,
2014-11-21,62,
2014-11-22,56,
2014-11-23,58,
2014-11-24,67,
2014-11-25,47,
2014-11-26,50,
2014-11-27,47,
2014-11-28,35,
2014-11-29,51,
2014-11-30,53,
2014-12-01,59,
2014-12-02,57,
2014-12-03,44,
2014-12-04,46,
2014-12-05,43,
2014-12-06,42,
2014-12-07,,
2014-12-08,40,
2014-12-09,52,
2014-12-10,30,
2014-12-11,36,
2014-12-12,35,
2014-12-13,45,
2014-12-14,48,
2014-12-15,38,
2014-12-16,46,
2014-12-17,52,
2014-12-18,43,
2014-12-19,30,
2014-12-20,31,
2014-12-21,43,
2014-12-22,40,
2014-12-23,40,
2014-12-24,20,
2014-12-25,31,
2014-12-26,21,
2014-12-27,36,
2014-12-28,53,
2014-12-29,51,
2015-01-01,,
2015-01-02,56,
2015-01-03,53,
2015-01-04,31,
2015-01-05,31,
2015-01-06,30,
2015-01-07,41,
2015-01-08,62,
2015-01-09,51,
2015-01-10,54,
2015-01-11,57,
2015-01-12,60,
2015-01-13,63,
2015-01-14,49,
2015-01-15,72,29
2015-01-16,61,19
2015-01-17,53,16
2015-01-18,36,25
2015-01-19,55,
2015-01-20,27,
2015-01-21,34,
2015-01-22,38,
2015-01-23,47,
2015-01-24,54,
2015-01-25,72,
2015-01-26,42,
2015-01-27,42,11
2015-01-28,30,19
2015-01-29,43,37
2015-01-30,54,27
2015-01-31,57,12
2015-02-01,43,19
2015-02-02,53,19
2015-02-03,36,25
2015-02-04,46,32
2015-02-05,67,27
2015-02-06,55,26
2015-02-07,55,23
2015-02-08,74,22
2015-02-09,64,23
2015-02-10,39,19
2015-02-11,29,21
2015-02-12,38,40
2015-02-13,78,18
2015-02-14,51,25
2015-02-15,58,15
2015-02-16,45,14
2015-02-17,46,31
2015-02-18,52,34
2015-02-19,58,27
2015-02-20,69,18
2015-02-21,53,27
2015-02-22,67,25
2015-02-23,62,21
2015-02-24,58,25
2015-02-25,53,29
2015-02-26,65,23
2015-02-27,46,30
2015-02-28,58,24
2015-03-01,59,32
2015-03-02,70,21
2015-03-03,66,23
2015-03-04,42,23
2015-03-05,45,22
2015-03-06,54,21
2015-03-07,44,23
2015-03-08,64,26
2015-03-09,71,31
2015-03-10,50,31
2015-03-11,62,23
2015-03-12,56,15
2015-03-13,35,20
2015-03-14,36,24
2015-03-15,42,13
2015-03-16,36,26
2015-03-17,40,23
2015-03-18,58,11
2015-03-19,34,17
2015-03-20,34,28
2015-03-21,44,25
2015-03-22,65,8
2015-03-23,34,14
2015-03-24,41,22
2015-03-25,53,27
2015-03-26,59,22
2015-03-27,59,23
2015-03-28,44,14
2015-03-29,34,22
2015-03-30,49,18
2015-03-31,32,20
2015-04-01,44,29
2015-04-02,52,21
2015-04-03,60,12
2015-04-04,47,10
2015-04-05,35,16
2015-04-06,39,16
2015-04-07,48,11
2015-04-08,42,11
2015-04-09,32,18
2015-04-10,38,10
2015-04-11,38,12
2015-04-12,38,23
2015-04-13,46,18
2015-04-14,37,21
2015-04-15,33,19
2015-04-16,36,19
2015-04-17,38,13
2015-04-18,46,7
2015-04-19,34,11
2015-04-20,36,15
2015-04-21,34,19
2015-04-22,44,12
2015-04-23,28,10
2015-04-24,38,9
2015-04-25,34,11
2015-04-26,33,13
2015-04-27,32,9
2015-04-28,23,13
2015-04-29,24,10
2015-04-30,19,8
2015-05-01,25,9
2015-05-02,33,7
2015-05-03,45,8
2015-05-04,54,14
2015-05-05,62,15
2015-05-06,35,15
2015-05-07,35,13
2015-05-08,52,9
2015-05-09,43,6
2015-05-10,33,9
2015-05-11,55,11
2015-05-12,56,10
2015-05-13,39,17
2015-05-14,47,23
2015-05-15,56,14
2015-05-16,52,8
2015-05-17,63,6
2015-05-18,43,14
2015-05-19,45,11
2015-05-20,46,17
2015-05-21,45,16
2015-05-22,51,9
2015-05-23,39,8
2015-05-24,48,
2015-05-25,,14
2015-05-26,60,11
2015-05-27,51,12
2015-05-28,56,13
2015-05-29,34,11
2015-05-30,43,4
2015-05-31,35,6
2015-06-01,31,8
2015-06-02,25,10
2015-06-03,34,12
2015-06-04,36,15
2015-06-05,43,13
2015-06-06,39,11
2015-06-07,44,10
2015-06-08,40,10
2015-06-09,52,15
2015-06-10,49,17
2015-06-11,77,20
2015-06-12,61,9
2015-06-13,52,12
2015-06-14,50,9
2015-06-15,38,14
2015-06-16,55,11
2015-06-17,41,16
2015-06-18,50,13
2015-06-19,44,8
2015-06-20,45,10
2015-06-21,39,17
2015-06-22,54,16
2015-06-23,66,13
2015-06-24,46,17
2015-06-25,52,13
2015-06-26,50,12
2015-06-27,50,5
2015-06-28,32,14
2015-06-29,37,13
2015-06-30,39,13
2015-07-01,51,17
2015-07-02,51,14
2015-07-03,48,14
2015-07-04,69,11
2015-07-05,90,16
2015-07-06,76,9
2015-07-07,54,12
2015-07-08,70,7
2015-07-09,68,13
2015-07-10,64,12
2015-07-11,61,9
2015-07-12,64,13
2015-07-13,76,11
2015-07-14,55,13
2015-07-15,36,6
2015-07-16,38,13
2015-07-17,52,10
2015-07-18,32,7
2015-07-19,47,16
2015-07-20,62,19
2015-07-21,62,12
2015-07-22,43,10
2015-07-23,45,13
2015-07-24,44,6
2015-07-25,41,7
2015-07-26,50,15
2015-07-27,41,12
2015-07-28,56,16
2015-07-29,62,14
2015-07-30,64,13
2015-07-31,46,13
2015-08-01,43,8
2015-08-02,40,13
2015-08-03,53,16
2015-08-04,50,15
2015-08-05,43,12
2015-08-06,47,11
2015-08-07,39,8
2015-08-08,38,11
2015-08-09,35,13
2015-08-10,45,10
2015-08-11,34,13
2015-08-12,32,12
2015-08-13,37,15
2015-08-14,45,14
2015-08-15,47,11
2015-08-16,47,15
2015-08-17,57,16
2015-08-18,72,13
2015-08-19,43,8
2015-08-20,33,12
2015-08-21,38,10
2015-08-22,27,6
2015-08-23,21,10
2015-08-24,31,10
2015-08-25,33,16
2015-08-26,54,13
2015-08-27,48,10
2015-08-28,34,13
2015-08-29,34,12
2015-08-30,55,17
2015-08-31,58,10
2015-09-01,61,16
2015-09-02,65,16
2015-09-03,70,9
2015-09-04,37,10
2015-09-05,27,9
2015-09-06,35,9
2015-09-07,43,23
2015-09-08,63,14
2015-09-09,43,12
2015-09-10,29,10
2015-09-11,22,9
2015-09-12,22,4
2015-09-13,13,8
2015-09-14,26,15
2015-09-15,43,19
2015-09-16,45,22
2015-09-17,45,24
2015-09-18,59,12
2015-09-19,45,7
2015-09-20,24,7
2015-09-21,29,12
2015-09-22,26,18
2015-09-23,33,18
2015-09-24,34,13
2015-09-25,30,11
2015-09-26,34,13
2015-09-27,38,16
2015-09-28,37,9
2015-09-29,24,9
2015-09-30,15,8
2015-10-01,27,7
2015-10-02,35,3
2015-10-03,27,3
2015-10-04,40,12
2015-10-05,31,18
2015-10-06,44,20
2015-10-07,46,12
2015-10-08,31,13
2015-10-09,33,9
2015-10-10,32,10
2015-10-11,40,15
2015-10-12,50,21
2015-10-13,52,11
2015-10-14,31,16
2015-10-15,34,17
2015-10-16,39,11
2015-10-17,38,7
2015-10-18,35,15
2015-10-19,43,22
2015-10-20,50,25
2015-10-21,52,21
2015-10-22,61,12
2015-10-23,42,16
2015-10-24,37,9
2015-10-26,25,14
2015-10-27,32,22
2015-10-28,47,15
2015-10-29,41,9
2015-10-30,23,13
2015-10-31,33,14
2015-11-01,34,12
2015-11-02,42,21
2015-11-03,45,26
2015-11-04,49,21
2015-11-05,48,15
2015-11-06,41,10
2015-11-07,35,8
2015-11-08,33,9
2015-11-09,27,20
2015-11-10,44,25
2015-11-11,51,8
2015-11-12,41,13
2015-11-13,41,9
2015-11-14,24,8
2015-11-15,37,13
2015-11-16,33,18
2015-11-17,37,16
2015-11-18,27,22
2015-11-19,39,15
2015-11-20,18,14
2015-11-21,33,15
2015-11-22,34,22
2015-11-23,59,14
2015-11-24,28,25
2015-11-25,42,29
2015-11-26,55,14
2015-11-27,31,10
2015-11-28,22,12
2015-11-29,23,11
2015-11-30,39,16
2015-12-01,29,26
2015-12-02,31,20
2015-12-03,54,16
2015-12-04,26,15
2015-12-05,32,18
2015-12-06,46,17
2015-12-07,56,24
2015-12-08,69,13
2015-12-09,33,17
2015-12-10,44,23
2015-12-11,49,22
2015-12-12,65,19
2015-12-13,45,12
2015-12-14,29,17
2015-12-15,40,11
2015-12-16,23,12
2015-12-17,26,18
2015-12-18,25,16
2015-12-19,29,10
2015-12-20,27,13
2015-12-21,31,18
2015-12-22,42,18
2015-12-23,32,20
2015-12-24,37,15
2015-12-25,23,15
2015-12-26,26,9
2015-12-27,28,11
2015-12-28,29,11
2015-12-29,23,12
2015-12-30,27,27
2015-12-31,56,23
2016-01-01,57,
2016-01-03,,20
2016-01-04,53,18
2016-01-05,42,20
2016-01-06,42,29
2016-01-07,47,35
2016-01-08,63,24
2016-01-09,54,18
2016-01-10,53,11
2016-01-11,27,12
2016-01-12,25,21
2016-01-13,39,14
2016-01-14,34,21
2016-01-15,45,20
2016-01-16,57,18
2016-01-17,43,14
2016-01-18,37,15
2016-01-19,36,13
2016-01-20,37,15
2016-01-21,37,17
2016-01-22,36,19
2016-01-23,41,13
2016-01-24,32,17
2016-01-25,45,26
2016-01-26,48,24
2016-01-27,55,17
2016-01-28,41,25
2016-01-29,38,26
2016-01-30,61,11
2016-01-31,36,11
2016-02-01,44,16
2016-02-02,49,22
2016-02-03,32,18
2016-02-04,36,14
2016-02-05,27,15
2016-02-06,36,20
2016-02-07,44,18
2016-02-08,58,10
2016-02-09,32,27
2016-02-10,44,31
2016-02-11,65,16
2016-02-12,39,19
2016-02-13,36,15
2016-02-14,52,8
2016-02-15,50,23
2016-02-16,53,21
2016-02-17,43,14
2016-02-18,36,14
2016-02-19,40,21
2016-02-20,42,12
2016-02-21,36,9
2016-02-22,31,13
2016-02-23,24,21
2016-02-24,33,18
2016-02-25,24,8
2016-02-26,23,11
2016-02-27,24,12
2016-02-28,33,10
2016-02-29,45,14
2016-03-01,49,13
2016-03-02,27,11
2016-03-03,36,15
2016-03-04,31,19
2016-03-05,42,10
2016-03-06,36,15
2016-03-07,43,24
2016-03-08,64,19
2016-03-09,63,17
2016-03-10,63,26
2016-03-11,64,14
2016-03-12,26,13
2016-03-13,30,11
2016-03-14,35,7
2016-03-15,30,10
2016-03-16,22,12
2016-03-17,20,13
2016-03-18,25,13
2016-03-19,25,11
2016-03-20,49,6
2016-03-21,30,16
2016-03-22,41,15
2016-03-23,38,16
2016-03-24,47,11
2016-03-25,34,22
2016-03-26,44,10
2016-03-27,32,16
2016-03-28,24,8
2016-03-29,27,17
2016-03-30,38,10
2016-03-31,35,8
2016-04-01,29,13
2016-04-02,29,10
2016-04-03,27,18
2016-04-04,34,14
2016-04-05,47,23
2016-04-06,47,11
2016-04-07,29,13
2016-04-08,37,13
2016-04-09,37,9
2016-04-10,31,13
2016-04-11,40,14
2016-04-12,43,12
2016-04-13,27,17
2016-04-14,33,18
2016-04-15,36,8
2016-04-16,26,10
2016-04-17,38,16
2016-04-18,36,14
2016-04-19,45,8
2016-04-20,25,16
2016-04-21,42,26
2016-04-22,65,13
2016-04-23,50,10
2016-04-24,27,25
2016-04-25,39,13
2016-04-26,34,22
2016-04-27,47,15
2016-04-28,27,8
2016-04-29,25,10
2016-04-30,26,12
2016-05-01,29,15
2016-05-02,30,16
2016-05-03,21,10
2016-05-04,21,9
2016-05-05,14,7
2016-05-06,20,8
2016-05-07,16,9
2016-05-08,30,14
2016-05-09,28,19
2016-05-10,38,24
2016-05-11,44,16
2016-05-12,34,
2016-05-13,43,
2016-05-14,26,5
2016-05-15,23,13
2016-05-16,36,18
2016-05-17,33,12
2016-05-18,34,18
2016-05-19,34,17
2016-05-20,40,19
2016-05-21,45,7
2016-05-22,19,20
2016-05-23,36,9
2016-05-24,24,15
2016-05-25,36,27
2016-05-26,58,21
2016-05-27,75,9
2016-05-28,63,5
2016-05-29,62,6
2016-05-30,27,15
2016-05-31,32,8
2016-06-01,30,5
2016-06-02,33,9
2016-06-03,40,13
2016-06-04,43,8
2016-06-05,37,13
2016-06-06,34,18
2016-06-07,50,9
2016-06-08,23,8
2016-06-09,21,11
2016-06-10,33,12
2016-06-11,43,6
2016-06-12,41,7
2016-06-13,23,14
2016-06-14,26,16
2016-06-15,39,23
2016-06-16,48,9
2016-06-17,39,8
2016-06-18,39,7
2016-06-19,43,12
2016-06-20,38,14
2016-06-21,39,18
2016-06-22,44,15
2016-06-23,45,13
2016-06-24,41,12
2016-06-25,41,9
2016-06-26,48,9
2016-06-27,39,11
2016-06-28,25,12
2016-06-29,30,12
2016-06-30,37,13
2016-07-01,38,7
2016-07-02,27,6
2016-07-03,35,6
2016-07-04,49,14
2016-07-05,36,17
2016-07-06,57,10
2016-07-07,52,6
2016-07-08,36,3
2016-07-09,22,6
2016-07-10,20,12
2016-07-11,40,14
2016-07-12,44,12
2016-07-13,44,8
2016-07-14,28,11
2016-07-15,43,11
2016-07-16,31,14
2016-07-17,51,20
2016-07-18,56,12
2016-07-19,41,13
2016-07-20,47,17
2016-07-21,52,13
2016-07-22,57,9
2016-07-23,46,10
2016-07-24,24,19
2016-07-25,51,12
2016-07-26,32,12
2016-07-27,35,17
2016-07-28,42,14
2016-07-29,48,9
2016-07-30,37,6
2016-07-31,39,6
2016-08-01,29,9
2016-08-02,35,6
2016-08-03,38,12
2016-08-04,35,12
2016-08-05,35,10
2016-08-06,36,13
2016-08-07,45,12
2016-08-08,27,11
2016-08-09,35,12
2016-08-10,34,13
2016-08-11,41,12
2016-08-12,19,6
2016-08-13,40,7
2016-08-14,27,11
2016-08-15,28,15
2016-08-16,37,10
2016-08-17,29,17
2016-08-18,33,14
2016-08-19,37,8
2016-08-20,33,5
2016-08-21,27,9
2016-08-22,29,14
2016-08-23,34,17
2016-08-24,40,15
2016-08-25,43,10
2016-08-26,40,11
2016-08-27,37,6
2016-08-28,27,11
2016-08-29,29,14
2016-08-30,36,14
2016-08-31,37,18
2016-09-01,32,9
2016-09-02,32,10
2016-09-03,32,6
2016-09-04,25,3
2016-09-05,25,10
2016-09-06,24,13
2016-09-07,29,12
2016-09-08,22,16
2016-09-09,33,12
2016-09-10,40,5
2016-09-11,31,14
2016-09-12,28,13
2016-09-13,25,14
2016-09-14,34,9
2016-09-15,18,13
2016-09-16,31,10
2016-09-17,27,5
2016-09-18,20,13
2016-09-19,13,16
2016-09-20,24,19
2016-09-21,38,20
2016-09-22,28,19
2016-09-23,28,6
2016-09-24,39,7
2016-09-25,32,15
2016-09-26,25,20
2016-09-27,27,9
2016-09-28,25,8
2016-09-29,25,7
2016-09-30,23,8
2016-10-01,15,9
2016-10-02,23,11
2016-10-03,30,8
2016-10-04,27,14
2016-10-05,32,26
2016-10-06,49,28
2016-10-07,49,19
2016-10-08,43,10
2016-10-09,18,10
2016-10-10,33,21
2016-10-11,38,20
2016-10-12,38,19
2016-10-13,39,14
2016-10-14,36,14
2016-10-15,38,12
2016-10-16,39,21
2016-10-17,41,18
2016-10-18,60,18
2016-10-19,43,11
2016-10-20,35,15
2016-10-21,27,9
2016-10-22,16,3
2016-10-23,19,12
2016-10-24,35,13
2016-10-25,35,14
2016-10-26,44,19
2016-10-27,39,11
2016-10-28,32,14
2016-10-29,35,10
2016-10-31,44,10
2016-11-01,34,20
2016-11-02,46,25
2016-11-03,50,20
2016-11-04,58,13
2016-11-05,40,15
2016-11-06,42,12
2016-11-07,38,16
2016-11-08,38,32
2016-11-09,61,33
2016-11-10,61,28
2016-11-11,41,24
2016-11-12,49,23
2016-11-13,33,26
2016-11-14,36,44
2016-11-15,53,29
2016-11-16,52,23
2016-11-17,36,16
2016-11-18,46,23
2016-11-19,53,11
2016-11-20,35,5
2016-11-21,24,13
2016-11-22,33,13
2016-11-23,39,13
2016-11-24,42,20
2016-11-25,50,19
2016-11-26,60,12
2016-11-27,59,7
2016-11-28,39,23
2016-11-29,49,25
2016-11-30,50,17
2016-12-01,34,14
2016-12-02,31,15
2016-12-03,34,8
2016-12-04,28,13
2016-12-05,38,35
2016-12-06,54,22
2016-12-07,47,23
2016-12-08,58,19
2016-12-09,63,13
2016-12-10,39,13
2016-12-11,49,23
2016-12-12,58,23
2016-12-13,49,19
2016-12-14,48,23
2016-12-15,68,15
2016-12-16,45,20
2016-12-17,55,28
2016-12-18,68,9
2016-12-19,52,20
2016-12-20,46,28
2016-12-21,59,27
2016-12-22,65,30
2016-12-23,80,20
2016-12-24,52,17
2016-12-25,58,13
2016-12-26,40,16
2016-12-27,44,10
2016-12-28,42,17
2016-12-29,43,22
2016-12-30,48,10
2016-12-31,39,11
2017-01-01,48,12
2017-01-02,47,26
2017-01-03,54,11
2017-01-04,26,15
2017-01-05,28,17
2017-01-06,48,20
2017-01-07,61,19
2017-01-08,52,14
2017-01-09,51,26
2017-01-10,65,30
2017-01-11,64,19
2017-01-12,45,16
2017-01-13,50,13
2017-01-14,34,17
2017-01-15,40,15
2017-01-16,56,26
2017-01-17,58,22
2017-01-18,56,17
2017-01-19,39,21
2017-01-20,58,26
2017-01-21,47,17
2017-01-22,62,13
2017-01-23,47,7
2017-01-24,26,9
2017-01-25,30,16
2017-01-26,32,18
2017-01-27,48,12
2017-01-28,29,12
2017-01-29,36,14
2017-01-30,49,20
2017-01-31,46,20
2017-02-01,48,27
2017-02-02,67,19
2017-02-03,44,20
2017-02-04,58,15
2017-02-05,51,15
2017-02-06,56,15
2017-02-07,44,14
2017-02-08,32,23
2017-02-09,58,14
2017-02-10,41,20
2017-02-11,46,26
2017-02-12,76,18
2017-02-13,48,13
2017-02-14,43,25
2017-02-15,53,31
2017-02-16,61,15
2017-02-17,49,19
2017-02-18,46,22
2017-02-19,56,18
2017-02-20,57,15
2017-02-21,40,24
2017-02-22,44,26
2017-02-23,61,23
2017-02-24,66,15
2017-02-25,46,9
2017-02-26,29,5
2017-02-27,30,17
2017-02-28,49,22
2017-03-01,60,13
2017-03-02,43,10
2017-03-03,46,15
2017-03-04,36,8
2017-03-05,51,9
2017-03-06,49,23
2017-03-07,48,24
2017-03-08,49,14
2017-03-09,41,17
2017-03-10,43,18
2017-03-11,42,8
2017-03-12,48,6
2017-03-13,58,15
2017-03-14,52,14
2017-03-15,43,11
2017-03-16,40,14
2017-03-17,38,22
2017-03-18,44,11
2017-03-19,30,8
2017-03-20,31,21
2017-03-21,43,23
2017-03-22,46,13
2017-03-23,40,16
2017-03-24,42,27
2017-03-25,52,19
2017-03-26,41,20
2017-03-27,48,13
2017-03-28,32,13
2017-03-29,35,13
2017-03-30,31,15
2017-03-31,39,7
2017-04-01,37,11
2017-04-02,46,22
2017-04-03,38,10
2017-04-04,35,12
2017-04-05,31,13
2017-04-06,20,11
2017-04-07,35,6
2017-04-08,31,10
2017-04-09,33,18
2017-04-10,42,16
2017-04-11,58,15
2017-04-12,57,12
2017-04-13,36,19
2017-04-14,34,11
2017-04-15,41,5
2017-04-16,47,8
2017-04-17,33,6
2017-04-18,24,12
2017-04-19,37,12
2017-04-20,40,8
2017-04-21,29,9
2017-04-22,34,7
2017-04-23,29,14
2017-04-24,30,10
2017-04-25,26,19
2017-04-26,35,15
2017-04-27,37,14
2017-04-28,45,10
2017-04-29,52,4
2017-04-30,21,10
2017-05-01,27,18
2017-05-02,43,11
2017-05-03,28,12
2017-05-04,38,12
2017-05-05,35,11
2017-05-06,30,4
2017-05-07,31,9
2017-05-08,29,15
2017-05-09,31,13
2017-05-10,31,7
2017-05-11,25,9
2017-05-12,26,9
2017-05-13,31,5
2017-05-14,39,13
2017-05-15,33,13
2017-05-16,37,17
2017-05-17,46,16
2017-05-18,59,12
2017-05-19,49,4
2017-05-20,29,5
2017-05-21,34,12
2017-05-22,33,14
2017-05-23,36,14
2017-05-24,40,13
2017-05-25,23,9
2017-05-26,29,6
2017-05-27,25,7
2017-05-28,40,5
2017-05-29,29,11
2017-05-30,35,11
2017-05-31,35,16
2017-06-01,33,12
2017-06-02,36,9
2017-06-03,36,6
2017-06-04,32,9
2017-06-05,21,6
2017-06-06,22,12
2017-06-07,33,15
2017-06-08,48,15
2017-06-09,31,11
2017-06-10,57,7
2017-06-11,60,17
2017-06-12,64,15
2017-06-13,63,8
2017-06-14,39,10
2017-06-15,41,8
2017-06-16,33,15
2017-06-17,35,3
2017-06-18,19,5
2017-06-19,40,9
2017-06-20,18,14
2017-06-21,37,11
2017-06-22,35,13
2017-06-23,47,6
2017-06-24,42,6
2017-06-25,32,11
2017-06-26,39,15
2017-06-27,50,7
2017-06-28,40,8
2017-06-29,50,10
2017-06-30,54,3
2017-07-01,44,3
2017-07-02,35,6
2017-07-03,35,8
2017-07-04,54,10
2017-07-05,64,6
2017-07-06,37,11
2017-07-07,33,8
2017-07-08,40,3
2017-07-09,32,9
2017-07-10,48,11
2017-07-11,43,12
2017-07-12,54,7
2017-07-13,46,7
2017-07-14,29,7
2017-07-15,38,6
2017-07-16,29,10
2017-07-17,36,9
2017-07-18,36,10
2017-07-19,37,16
2017-07-20,53,13
2017-07-21,46,12
2017-07-22,54,3
2017-07-23,32,6
2017-07-24,20,9
2017-07-25,32,9
2017-07-26,41,10
2017-07-27,32,10
2017-07-28,34,7
2017-07-29,34,6
2017-07-30,30,11
2017-07-31,39,11
2017-08-01,52,14
2017-08-02,52,13
2017-08-03,41,9
2017-08-04,29,5
2017-08-05,11,4
2017-08-06,24,12
2017-08-07,42,10
2017-08-08,28,13
2017-08-09,50,14
2017-08-10,54,12
2017-08-11,41,8
2017-08-12,33,6
2017-08-13,28,16
2017-08-14,43,14
2017-08-15,46,12
2017-08-16,47,15
2017-08-17,40,11
2017-08-18,38,13
2017-08-19,43,6
2017-08-20,39,11
2017-08-21,61,10
2017-08-22,63,10
2017-08-23,40,14
2017-08-24,45,13
2017-08-25,45,10
2017-08-26,43,9
2017-08-27,49,11
2017-08-28,50,9
2017-08-29,39,9
2017-08-30,37,14
2017-08-31,53,8
2017-09-01,38,7
2017-09-02,39,5
2017-09-03,37,4
2017-09-04,41,10
2017-09-05,54,
2017-09-08,,13
2017-09-09,60,7
2017-09-10,39,12
2017-09-11,36,15
2017-09-12,40,14
2017-09-13,46,13
2017-09-14,37,16
2017-09-15,55,22
2017-09-16,60,14
2017-09-17,56,11
2017-09-18,30,7
2017-09-19,19,3
2017-09-20,9,3
2017-09-21,38,4
2017-09-22,34,5
2017-09-23,28,19
2017-09-24,49,18
2017-09-25,50,13
2017-09-26,30,8
2017-09-27,19,9
2017-09-28,27,12
2017-09-29,35,11
2017-09-30,42,9
2017-10-01,47,13
2017-10-02,41,12
2017-10-03,46,12
2017-10-04,42,17
2017-10-05,43,20
2017-10-06,40,10
2017-10-07,43,3
2017-10-08,16,5
2017-10-09,20,12
2017-10-10,31,12
2017-10-11,41,7
2017-10-12,36,12
2017-10-13,40,17
2017-10-14,53,5
2017-10-15,24,9
2017-10-16,32,12
2017-10-17,41,20
2017-10-18,49,16
2017-10-19,57,16
2017-10-20,50,19
2017-10-21,48,15
2017-10-22,56,15
2017-10-23,59,10
2017-10-24,31,11
2017-10-25,15,8
2017-10-26,24,16
2017-10-27,40,13
2017-10-28,49,4
2017-10-30,24,8
2017-10-31,25,13
2017-11-01,42,16
2017-11-02,48,12
2017-11-03,43,12
2017-11-04,35,8
2017-11-05,19,5
2017-11-06,29,12
2017-11-07,27,11
2017-11-08,35,12
2017-11-09,42,21
2017-11-10,59,13
2017-11-11,44,14
2017-11-12,53,29
2017-11-13,68,26
2017-11-14,75,17
2017-11-15,55,17
2017-11-16,44,20
2017-11-17,45,10
2017-11-18,33,22
2017-11-19,51,6
2017-11-20,38,15
2017-11-21,43,17
2017-11-22,53,20
2017-11-23,48,13
2017-11-24,42,19
2017-11-25,56,17
2017-11-26,52,7
2017-11-27,36,15
2017-11-28,51,19
2017-11-29,53,14
2017-11-30,54,19
2017-12-01,51,17
2017-12-02,51,19
2017-12-03,51,19
2017-12-04,64,21
2017-12-05,59,17
2017-12-06,46,17
2017-12-07,42,21
2017-12-08,55,21
2017-12-09,59,22
2017-12-10,64,15
2017-12-11,53,22
2017-12-12,68,22
2017-12-13,58,11
2017-12-14,47,16
2017-12-15,50,28
2017-12-16,61,16
2017-12-17,65,16
2017-12-18,55,31
2017-12-19,64,21
2017-12-20,70,15
2017-12-21,48,18
2017-12-22,54,24
2017-12-23,52,26
2017-12-24,66,12
2017-12-25,46,7
2017-12-26,44,18
2017-12-27,64,20
2017-12-28,67,14
2017-12-29,60,21
2017-12-30,62,24
2017-12-31,72,17
2018-01-01,77,13
2018-01-02,56,25
2018-01-03,66,28
2018-01-04,75,21
2018-01-05,52,9
2018-01-06,51,11
2018-01-07,51,18
2018-01-08,66,21
2018-01-09,67,21
2018-01-10,62,24
2018-01-11,57,23
2018-01-12,55,12
2018-01-13,32,5
2018-01-14,29,14
2018-01-15,47,23
2018-01-16,55,26
2018-01-17,59,24
2018-01-18,53,18
2018-01-19,72,22
2018-01-20,83,21
2018-01-21,65,28
2018-01-22,72,32
2018-01-23,84,29
2018-01-24,58,15
2018-01-25,48,15
2018-01-26,46,22
2018-01-27,47,15
2018-01-28,53,14
2018-01-29,46,13
2018-01-30,40,17
2018-01-31,45,17
2018-02-01,56,19
2018-02-02,56,14
2018-02-03,53,14
2018-02-04,54,14
2018-02-05,47,18
2018-02-06,39,22
2018-02-07,51,30
2018-02-08,59,16
2018-02-09,58,21
2018-02-10,67,15
2018-02-11,56,17
2018-02-12,47,18
2018-02-13,48,15
2018-02-14,49,23
2018-02-15,56,21
2018-02-16,69,16
2018-02-17,62,10
2018-02-18,40,18
2018-02-19,51,16
2018-02-20,53,15
2018-02-21,43,13
2018-02-22,53,14
2018-02-23,42,18
2018-02-24,51,11
2018-02-25,39,7
2018-02-26,40,18
2018-02-27,45,23
2018-02-28,45,18
2018-03-01,48,20
2018-03-02,59,5
2018-03-03,33,5
2018-03-04,34,5
2018-03-05,34,9
2018-03-06,36,12
2018-03-07,43,11
2018-03-08,39,16
2018-03-09,38,15
2018-03-10,49,11
2018-03-11,41,9
2018-03-12,38,14
2018-03-13,38,9
2018-03-14,33,12
2018-03-15,34,12
2018-03-16,36,15
2018-03-17,44,10
2018-03-18,44,10
2018-03-19,43,16
2018-03-20,45,20
2018-03-21,43,12
2018-03-22,39,15
2018-03-23,38,17
2018-03-24,43,13
2018-03-25,38,13
2018-03-26,43,19
2018-03-27,47,30
2018-03-28,54,28
2018-03-29,69,17
2018-03-30,56,8
2018-03-31,45,6
2018-04-01,43,23
2018-04-02,50,21
2018-04-03,54,14
2018-04-04,35,9
2018-04-05,40,24
2018-04-06,53,12
2018-04-07,38,8
2018-04-08,36,17
2018-04-09,43,21
2018-04-10,54,18
2018-04-11,70,18
2018-04-12,65,26
2018-04-13,74,11
2018-04-14,54,4
2018-04-15,38,7
2018-04-16,36,10
2018-04-17,32,11
2018-04-18,36,20
2018-04-19,41,11
2018-04-20,35,11
2018-04-21,38,15
2018-04-22,43,16
2018-04-23,46,17
2018-04-24,49,19
2018-04-25,38,14
2018-04-26,30,19
2018-04-27,44,12
2018-04-28,53,9
2018-04-29,39,14
2018-04-30,32,17
2018-05-01,51,18
2018-05-02,58,20
2018-05-03,66,15
2018-05-04,59,8
2018-05-05,38,14
2018-05-06,49,13
2018-05-07,54,12
2018-05-08,46,14
2018-05-09,43,12
2018-05-10,42,12
2018-05-11,37,15
2018-05-12,45,6
2018-05-13,46,11
2018-05-14,43,13
2018-05-15,52,9
2018-05-16,45,14
2018-05-17,52,6
2018-05-18,43,8
2018-05-19,42,6
2018-05-20,27,14
2018-05-21,47,20
2018-05-22,53,11
2018-05-23,47,9
2018-05-24,47,13
2018-05-25,63,10
2018-05-26,67,6
2018-05-27,55,5
2018-05-28,46,11
2018-05-29,58,15
2018-05-30,62,12
2018-05-31,54,10
2018-06-01,35,5
2018-06-02,41,1
2018-06-03,34,6
2018-06-04,32,13
2018-06-05,40,8
2018-06-06,34,10
2018-06-07,46,17
2018-06-08,57,16
2018-06-09,55,6
2018-06-10,50,7
2018-06-11,46,8
2018-06-12,50,9
2018-06-13,46,10
2018-06-14,48,8
2018-06-15,41,11
2018-06-16,55,12
2018-06-17,63,12
2018-06-18,70,10
2018-06-19,46,14
2018-06-20,51,13
2018-06-21,58,10
2018-06-22,54,7
2018-06-23,50,6
2018-06-24,53,7
2018-06-25,31,11
2018-06-26,45,8
2018-06-27,42,10
2018-06-28,27,12
2018-06-29,41,13
2018-06-30,63,9
2018-07-01,67,10
2018-07-02,71,11
2018-07-03,79,10
2018-07-04,78,10
2018-07-05,69,6
2018-07-06,32,6
2018-07-07,37,7
2018-07-08,51,11
2018-07-09,52,13
2018-07-10,56,9
2018-07-11,51,11
2018-07-12,49,10
2018-07-13,51,6
2018-07-14,45,6
2018-07-15,46,14
2018-07-16,43,6
2018-07-17,38,5
2018-07-18,30,9
2018-07-19,33,8
2018-07-20,39,5
2018-07-21,31,3
2018-07-22,23,6
2018-07-23,35,7
2018-07-24,40,6
2018-07-25,25,10
2018-07-26,16,15
2018-07-27,51,7
2018-07-28,41,5
2018-07-29,37,12
2018-07-30,50,14
2018-07-31,59,13
2018-08-01,50,9
2018-08-02,24,8
2018-08-03,20,5
2018-08-04,8,12
2018-08-05,31,15
2018-08-06,52,14
2018-08-07,67,12
2018-08-08,34,12
2018-08-09,26,16
2018-08-10,53,10
2018-08-11,43,8
2018-08-12,34,12
2018-08-13,34,20
2018-08-14,25,14
2018-08-15,28,16
2018-08-16,72,14
2018-08-17,47,7
2018-08-18,39,2
2018-08-19,27,6
2018-08-20,30,7
2018-08-21,34,10
2018-08-22,23,13
2018-08-23,36,14
2018-08-24,54,11
2018-08-25,56,7
2018-08-26,41,13
2018-08-27,53,16
2018-08-28,74,18
2018-08-29,69,14
2018-08-30,61,5
2018-08-31,44,4
2018-09-01,38,6
2018-09-02,52,5
2018-09-03,47,11
2018-09-04,59,11
2018-09-05,56,12
2018-09-06,49,8
2018-09-07,40,10
2018-09-08,37,3
2018-09-09,27,6
2018-09-10,37,15
2018-09-11,32,15
2018-09-12,41,12
2018-09-13,30,15
2018-09-14,43,11
2018-09-15,51,11
2018-09-16,52,11
2018-09-17,44,13
2018-09-18,32,7
2018-09-19,29,5
2018-09-20,31,13
2018-09-21,34,6
2018-09-22,33,13
2018-09-23,40,8
2018-09-24,44,6
2018-09-25,35,9
2018-09-26,15,12
2018-09-27,31,11
2018-09-28,37,11
2018-09-29,37,13
2018-09-30,39,18
2018-10-01,44,16
2018-10-02,36,12
2018-10-03,35,12
2018-10-04,43,9
2018-10-05,30,14
2018-10-06,48,6
2018-10-07,33,8
2018-10-08,33,11
2018-10-09,38,11
2018-10-10,34,13
2018-10-11,41,11
2018-10-12,24,12
2018-10-13,38,12
2018-10-14,46,22
2018-10-15,58,12
2018-10-16,31,13
2018-10-17,49,13
2018-10-18,41,19
2018-10-19,48,11
2018-10-20,37,11
2018-10-21,35,21
2018-10-22,49,21
2018-10-23,54,15
2018-10-24,41,15
2018-10-25,49,18
2018-10-26,46,7
2018-10-27,39,9
2018-10-29,27,13
2018-10-30,42,14
2018-10-31,41,21
2018-11-01,55,20
2018-11-02,64,13
2018-11-03,47,8
2018-11-04,24,9
2018-11-05,42,12
2018-11-06,39,16
2018-11-07,35,15
2018-11-08,38,13
2018-11-09,44,16
2018-11-10,49,9
2018-11-11,31,8
2018-11-12,40,26
2018-11-13,54,17
2018-11-14,36,13
2018-11-15,40,24
2018-11-16,53,13
2018-11-17,35,12
2018-11-18,52,11
2018-11-19,47,24
2018-11-20,64,19
2018-11-21,45,18
2018-11-22,47,7
2018-11-23,43,16
2018-11-24,49,19
2018-11-25,56,21
2018-11-26,53,19
2018-11-27,51,16
2018-11-28,25,13
2018-11-29,25,12
2018-11-30,23,21
2018-12-01,39,17
2018-12-02,46,15
2018-12-03,41,18
2018-12-04,47,13
2018-12-05,27,22
2018-12-06,44,21
2018-12-07,48,14
2018-12-08,53,12
2018-12-09,36,22
2018-12-10,60,23
2018-12-11,57,30
2018-12-12,59,21
2018-12-13,59,25
2018-12-14,57,35
2018-12-15,58,15
2018-12-16,42,7
2018-12-17,39,16
2018-12-18,36,11
2018-12-19,34,24
2018-12-20,48,29
2018-12-21,76,20
2018-12-22,37,6
2018-12-23,36,10
2018-12-24,34,22
2018-12-25,55,11
2018-12-26,42,18
2018-12-27,43,17
2018-12-28,50,16
2018-12-29,37,13
2018-12-30,36,15
2018-12-31,43,
2019-01-01,,6
2019-01-02,28,17
2019-01-03,38,17
2019-01-04,39,18
2019-01-05,51,19
2019-01-06,63,10
2019-01-07,41,19
2019-01-08,38,26
2019-01-09,45,14
2019-01-10,36,11
2019-01-11,32,12
2019-01-12,35,11
2019-01-13,36,13
2019-01-14,39,25
2019-01-15,53,24
2019-01-16,42,21
2019-01-17,56,19
2019-01-18,42,22
2019-01-19,50,13
2019-01-20,43,13
2019-01-21,32,10
2019-01-22,45,13
2019-01-23,48,
2019-01-28,,15
2019-01-29,49,16
2019-01-30,44,16
2019-01-31,47,14
2019-02-01,53,17
2019-02-02,59,19
2019-02-03,68,20
2019-02-04,74,22
2019-02-05,75,18
2019-02-06,54,10
2019-02-07,42,15
2019-02-08,38,15
2019-02-09,30,8
2019-02-10,35,10
2019-02-11,33,15
2019-02-12,31,17
2019-02-13,35,18
2019-02-14,29,19
2019-02-15,41,20
2019-02-16,52,12
2019-02-17,43,10
2019-02-18,39,17
2019-02-19,41,17
2019-02-20,43,23
2019-02-21,49,20
2019-02-22,43,16
2019-02-23,43,20
2019-02-24,48,10
2019-02-25,32,8
2019-02-26,27,11
2019-02-27,37,17
2019-02-28,38,26
2019-03-01,52,28
2019-03-02,52,19
2019-03-03,42,18
2019-03-04,53,20
2019-03-05,39,24
2019-03-06,56,18
2019-03-07,49,19
2019-03-08,46,27
2019-03-09,52,23
2019-03-10,61,21
2019-03-11,46,17
2019-03-12,41,14
2019-03-13,37,20
2019-03-14,43,23
2019-03-15,44,14
2019-03-16,46,7
2019-03-17,28,7
2019-03-18,27,19
2019-03-19,33,25
2019-03-20,43,23
2019-03-21,48,17
2019-03-22,37,11
2019-03-23,24,7
2019-03-24,23,11
2019-03-25,35,17
2019-03-26,34,13
2019-03-27,36,13
2019-03-28,34,16
2019-03-29,42,21
2019-03-30,42,12
2019-03-31,31,5
2019-04-01,30,20
2019-04-02,41,11
2019-04-03,30,11
2019-04-04,33,14
2019-04-05,34,15
2019-04-06,36,14
2019-04-07,45,15
2019-04-08,36,10
2019-04-09,28,13
2019-04-10,31,17
2019-04-11,39,19
2019-04-12,44,9
2019-04-13,35,14
2019-04-14,44,14
2019-04-15,22,9
2019-04-16,23,15
2019-04-17,30,18
2019-04-18,33,7
2019-04-19,37,4
2019-04-20,32,6
2019-04-21,19,13
2019-04-22,25,8
2019-04-23,19,13
2019-04-24,28,10
2019-04-25,23,10
2019-04-26,26,8
2019-04-27,20,8
2019-04-28,32,15
2019-04-29,30,17
2019-04-30,29,21
2019-05-01,39,15
2019-05-02,34,12
2019-05-03,39,14
2019-05-04,32,13
2019-05-05,23,9
2019-05-06,24,29
2019-05-07,38,30
2019-05-08,35,8
2019-05-09,34,13
2019-05-10,37,7
2019-05-11,21,7
2019-05-12,22,8
2019-05-13,29,9
2019-05-14,22,17
2019-05-15,32,19
2019-05-16,34,26
2019-05-17,61,8
2019-05-18,27,6
2019-05-19,33,10
2019-05-20,42,8
2019-05-21,18,10
2019-05-22,21,10
2019-05-23,30,8
2019-05-24,23,7
2019-05-25,26,5
2019-05-26,28,10
2019-05-27,29,8
2019-05-28,28,8
2019-05-29,19,11
2019-05-30,23,11
2019-05-31,28,10
2019-06-01,42,9
2019-06-02,19,10
2019-06-03,24,11
2019-06-04,29,12
2019-06-05,48,8
2019-06-06,39,11
2019-06-07,30,8
2019-06-08,28,8
2019-06-09,26,10
2019-06-10,29,9
2019-06-11,12,9
2019-06-12,24,9
2019-06-13,19,9
2019-06-14,21,7
2019-06-15,31,9
2019-06-16,42,9
2019-06-17,32,20
2019-06-18,51,14
2019-06-19,36,10
2019-06-20,17,11
2019-06-21,23,9
2019-06-22,27,6
2019-06-23,30,13
2019-06-24,44,12
2019-06-25,44,10
2019-06-26,24,16
2019-06-27,33,16
2019-06-28,49,13
2019-06-29,50,6
2019-06-30,25,10
2019-07-01,34,12
2019-07-02,35,13
2019-07-03,56,9
2019-07-04,69,9
2019-07-05,62,5
2019-07-06,38,8
2019-07-07,28,10
2019-07-08,34,15
2019-07-09,41,17
2019-07-10,59,13
2019-07-11,58,14
2019-07-12,31,8
2019-07-13,41,6
2019-07-14,41,8
2019-07-15,24,13
2019-07-16,40,9
2019-07-17,46,10
2019-07-18,21,13
2019-07-19,38,5
2019-07-20,50,6
2019-07-21,28,11
2019-07-22,43,6
2019-07-23,22,12
2019-07-24,36,9
2019-07-25,37,12
2019-07-26,48,7
2019-07-27,37,6
2019-07-28,44,12
2019-07-29,58,13
2019-07-30,67,14
2019-07-31,52,12
2019-08-01,35,14
2019-08-02,36,8
2019-08-03,40,8
2019-08-04,39,9
2019-08-05,27,11
2019-08-06,42,10
2019-08-07,35,11
2019-08-08,28,11
2019-08-09,29,6
2019-08-10,23,4
2019-08-11,17,11
2019-08-12,38,10
2019-08-13,44,7
2019-08-14,42,9
2019-08-15,33,10
2019-08-16,29,7
2019-08-17,24,11
2019-08-18,38,10
2019-08-19,40,15
2019-08-20,42,15
2019-08-21,43,11
2019-08-22,38,12
2019-08-23,29,5
2019-08-24,24,4
2019-08-25,22,7
2019-08-26,29,13
2019-08-27,36,12
2019-08-28,22,12
2019-08-29,22,13
2019-08-30,40,9
2019-08-31,25,5
2019-09-01,25,6
2019-09-02,28,10
2019-09-03,29,12
2019-09-04,33,8
2019-09-05,21,15
2019-09-06,33,4
2019-09-07,21,5
2019-09-08,26,9
2019-09-09,31,9
2019-09-10,31,10
2019-09-11,43,10
2019-09-12,28,6
2019-09-13,26,9
2019-09-14,33,6
2019-09-15,21,12
2019-09-16,22,9
2019-09-17,29,6
2019-09-18,23,14
2019-09-19,32,17
2019-09-20,39,15
2019-09-21,46,10
2019-09-22,46,10
2019-09-23,54,10
2019-09-24,25,10
2019-09-25,25,16
2019-09-26,41,14
2019-09-27,35,9
2019-09-28,38,7
2019-09-29,26,6
2019-09-30,30,11
2019-10-01,35,12
2019-10-02,30,5
2019-10-03,25,11
2019-10-04,26,11
2019-10-05,33,8
2019-10-06,37,8
2019-10-07,23,16
2019-10-08,26,7
2019-10-09,35,5
2019-10-10,33,4
2019-10-11,35,7
2019-10-12,28,12
2019-10-13,42,13
2019-10-14,45,15
2019-10-15,40,11
2019-10-16,43,6
2019-10-17,26,9
2019-10-18,24,14
2019-10-19,37,17
2019-10-20,55,15
2019-10-21,38,13
2019-10-22,39,14
2019-10-23,32,17
2019-10-24,41,23
2019-10-25,47,11
2019-10-26,40,7
2019-10-28,34,10
2019-10-29,28,11
2019-10-30,27,18
2019-10-31,39,7
2019-11-01,30,7
2019-11-02,27,14
2019-11-03,38,13
2019-11-04,48,18
2019-11-05,43,23
2019-11-06,45,19
2019-11-07,42,22
2019-11-08,48,11
2019-11-09,21,15
2019-11-10,38,19
2019-11-11,50,21
2019-11-12,61,15
2019-11-13,38,12
2019-11-14,28,25
2019-11-15,46,22
2019-11-16,51,12
2019-11-17,29,12
2019-11-18,39,13
2019-11-19,35,20
2019-11-20,41,16
2019-11-21,33,21
2019-11-22,47,14
2019-11-23,47,15
2019-11-24,33,14
2019-11-25,41,17
2019-11-26,56,23
2019-11-27,66,27
2019-11-28,64,6
2019-11-29,28,9
2019-11-30,25,9
2019-12-01,28,19
2019-12-02,45,8
2019-12-03,28,17
2019-12-04,32,26
2019-12-05,45,18
2019-12-06,46,21
2019-12-07,41,13
2019-12-08,39,21
2019-12-09,46,17
2019-12-10,36,11
2019-12-11,42,19
2019-12-12,32,23
2019-12-13,47,28
2019-12-14,40,15
2019-12-15,14,4
2019-12-16,19,17
2019-12-17,29,25
2019-12-18,30,19
2019-12-19,27,13
2019-12-20,31,18
2019-12-21,37,27
2019-12-22,46,21
2019-12-23,69,25
2019-12-24,55,17
2019-12-25,29,23
2019-12-26,46,21
2019-12-27,49,19
2019-12-28,37,12
2019-12-29,28,14
2019-12-30,32,
2020-01-01,,6
2020-01-02,21,18
2020-01-03,32,23
2020-01-04,41,20
2020-01-05,45,7
2020-01-06,18,20
2020-01-07,34,21
2020-01-08,31,16
2020-01-09,39,16
2020-01-10,30,20
2020-01-11,40,7
2020-01-12,25,4
2020-01-13,18,11
2020-01-14,33,14
2020-01-15,42,19
2020-01-16,40,16
2020-01-17,30,14
2020-01-18,29,17
2020-01-19,31,19
2020-01-20,40,17
2020-01-21,30,25
2020-01-22,40,35
2020-01-23,56,34
2020-01-24,59,29
2020-01-25,62,8
2020-01-26,25,8
2020-01-27,15,12
2020-01-28,25,14
2020-01-29,17,16
2020-01-30,23,23
2020-01-31,35,26
2020-02-01,45,24
2020-02-02,46,17
2020-02-03,53,23
2020-02-04,45,30
2020-02-05,49,22
2020-02-06,35,16
2020-02-07,24,16
2020-02-08,17,7
2020-02-09,29,15
2020-02-10,36,16
2020-02-11,38,22
2020-02-12,47,16
2020-02-13,37,29
2020-02-14,40,14
2020-02-15,27,14
2020-02-16,34,15
2020-02-17,39,18
2020-02-18,43,15
2020-02-19,34,12
2020-02-20,25,15
2020-02-21,24,19
2020-02-22,34,15
2020-02-23,45,18
2020-02-24,50,20
2020-02-25,52,22
2020-02-26,50,17
2020-02-27,45,7
2020-02-28,18,12
2020-02-29,32,16
2020-03-01,33,11
2020-03-02,34,25
2020-03-03,45,11
2020-03-04,43,9
2020-03-05,30,18
2020-03-06,31,20
2020-03-07,42,7
2020-03-08,22,15
2020-03-09,32,17
2020-03-10,40,13
2020-03-11,44,12
2020-03-12,26,11
2020-03-13,33,10
2020-03-14,30,7
2020-03-15,27,7
2020-03-16,23,7
2020-03-17,27,17
2020-03-18,31,12
2020-03-19,28,9
2020-03-20,30,13
2020-03-21,33,5
2020-03-22,24,5
2020-03-23,31,8
2020-03-24,30,11
2020-03-25,22,7
2020-03-26,30,9
2020-03-27,33,12
2020-03-28,27,13
2020-03-29,36,
2020-03-31,,10
2020-04-01,30,9
2020-04-02,14,7
2020-04-03,13,2
2020-04-04,14,5
2020-04-05,21,7
2020-04-06,19,13
2020-04-07,24,13
2020-04-08,30,10
2020-04-09,23,7
2020-04-10,14,4
2020-04-11,16,8
2020-04-12,31,4
2020-04-13,28,8
2020-04-14,25,12
2020-04-15,25,11
2020-04-16,29,8
2020-04-17,29,9
2020-04-18,26,7
2020-04-19,39,10
2020-04-20,24,13
2020-04-21,30,6
2020-04-22,23,11
2020-04-23,30,15
2020-04-24,44,13
2020-04-25,46,6
2020-04-26,34,3
2020-04-27,16,7
2020-04-28,25,9
2020-04-29,31,4
2020-04-30,34,13
2020-05-01,29,8
2020-05-02,29,7
2020-05-03,38,8
2020-05-04,23,5
2020-05-05,22,7
2020-05-06,24,12
2020-05-07,25,8
2020-05-08,24,4
2020-05-09,20,7
2020-05-10,26,11
2020-05-11,38,6
2020-05-12,24,9
2020-05-13,26,12
2020-05-14,32,8
2020-05-15,42,4
2020-05-16,22,5
2020-05-17,31,8
2020-05-18,36,4
2020-05-19,33,6
2020-05-20,30,10
2020-05-21,27,7
2020-05-22,39,2
2020-05-23,34,2
2020-05-24,32,3
2020-05-25,35,9
2020-05-26,28,6
2020-05-27,21,4
2020-05-28,18,4
2020-05-29,19,4
2020-05-30,16,4
2020-05-31,15,8
2020-06-01,24,10
2020-06-02,26,11
2020-06-03,44,11
2020-06-04,53,9
2020-06-05,50,6
2020-06-06,35,5
2020-06-07,29,11
2020-06-08,31,13
2020-06-09,38,5
2020-06-10,48,6
2020-06-11,45,8
2020-06-12,34,5
2020-06-13,20,3
2020-06-14,27,3
2020-06-15,28,10
2020-06-16,39,12
2020-06-17,44,6
2020-06-18,23,5
2020-06-19,22,5
2020-06-20,35,6
2020-06-21,49,4
2020-06-22,18,7
2020-06-23,37,11
2020-06-24,44,11
2020-06-25,33,11
2020-06-26,47,8
2020-06-27,39,6
2020-06-28,32,12
2020-06-29,23,7
2020-06-30,23,10
2020-07-01,40,9
2020-07-02,39,4
2020-07-03,38,3
2020-07-04,37,6
2020-07-05,73,5
2020-07-06,21,4
2020-07-07,25,3
2020-07-08,32,7
2020-07-09,50,4
2020-07-10,29,2
2020-07-11,23,2
2020-07-12,21,8
2020-07-13,28,7
2020-07-14,32,2
2020-07-15,18,5
2020-07-16,22,8
2020-07-17,24,7
2020-07-18,25,5
2020-07-19,41,8
2020-07-20,41,11
2020-07-21,36,9
2020-07-22,32,12
2020-07-23,,11
2020-07-24,42,12
2020-07-25,46,4
2020-07-26,43,9
2020-07-27,41,9
2020-07-28,44,9
2020-07-29,44,10
2020-07-30,41,10
2020-07-31,42,9
2020-08-01,48,4
2020-08-02,43,8
2020-08-03,43,8
2020-08-04,47,8
2020-08-05,41,12
2020-08-06,45,13
2020-08-07,46,8
2020-08-08,42,3
2020-08-09,41,9
2020-08-10,50,9
2020-08-11,59,11
2020-08-12,48,10
2020-08-13,46,9
2020-08-14,54,3
2020-08-15,50,3
2020-08-16,41,4
2020-08-17,31,9
2020-08-18,33,13
2020-08-19,43,10
2020-08-20,37,10
2020-08-21,51,11
2020-08-22,50,8
2020-08-23,48,11
2020-08-24,45,9
2020-08-25,46,9
2020-08-26,28,14
2020-08-27,38,12
2020-08-28,40,6
2020-08-29,40,4
2020-08-30,24,8
2020-08-31,38,6
2020-09-01,32,7
2020-09-02,28,11
2020-09-03,36,11
2020-09-04,36,8
2020-09-05,34,7
2020-09-06,48,5
2020-09-07,39,9
2020-09-08,41,9
2020-09-09,47,7
2020-09-10,33,6
2020-09-11,24,4
2020-09-12,31,6
2020-09-13,37,8
2020-09-14,28,11
2020-09-15,33,9
2020-09-16,35,11
2020-09-17,36,6
2020-09-18,35,7
2020-09-19,31,5
2020-09-20,34,12
2020-09-21,35,14
2020-09-22,36,13
2020-09-23,45,14
2020-09-24,57,14
2020-09-25,61,8
2020-09-26,68,5
2020-09-27,32,8
2020-09-28,29,8
2020-09-29,37,6
2020-09-30,26,10
2020-10-01,45,16
2020-10-02,51,11
2020-10-03,43,8
2020-10-04,35,7
2020-10-05,40,13
2020-10-06,42,10
2020-10-07,38,7
2020-10-08,25,11
2020-10-09,35,6
2020-10-10,47,3
2020-10-11,30,3
2020-10-12,27,7
2020-10-13,27,13
2020-10-14,36,13
2020-10-15,48,14
2020-10-16,32,10
2020-10-17,36,13
2020-10-18,53,17
2020-10-19,48,16
2020-10-20,41,12
2020-10-21,26,10
2020-10-22,31,6
2020-10-23,34,7
2020-10-24,33,5
2020-10-26,32,7
2020-10-27,34,12
2020-10-28,30,13
2020-10-29,21,14
2020-10-30,28,14
2020-10-31,26,22
2020-11-01,50,19
2020-11-02,44,8
2020-11-03,20,12
2020-11-04,31,17
2020-11-05,37,12
2020-11-06,33,13
2020-11-07,35,18
2020-11-08,56,23
2020-11-09,65,32
2020-11-10,82,21
2020-11-11,58,8
2020-11-12,13,12
2020-11-13,16,11
2020-11-14,29,13
2020-11-15,34,11
2020-11-16,33,12
2020-11-17,21,14
2020-11-18,28,14
2020-11-19,28,18
2020-11-20,38,13
2020-11-21,36,14
2020-11-22,43,5
2020-11-23,27,11
2020-11-24,24,15
2020-11-25,26,26
2020-11-26,47,15
2020-11-27,39,16
2020-11-28,30,13
2020-11-29,31,15
2020-11-30,31,11
2020-12-01,36,8
2020-12-02,32,11
2020-12-03,25,17
2020-12-04,34,15
2020-12-05,39,7
2020-12-06,20,6
2020-12-07,16,13
2020-12-08,26,13
2020-12-09,31,21
2020-12-10,43,18
2020-12-11,43,23
2020-12-12,57,21
2020-12-13,63,12
2020-12-14,42,19
2020-12-15,34,13
2020-12-16,33,14
2020-12-17,35,11
2020-12-18,21,26
2020-12-19,39,30
2020-12-20,55,33
2020-12-21,71,24
2020-12-22,71,17
2020-12-23,48,20
2020-12-24,35,15
2020-12-25,32,3
2020-12-26,23,6
2020-12-27,33,15
2020-12-28,46,22
2020-12-29,49,11
2020-12-30,25,19
2020-12-31,32,11
2021-01-01,23,15
2021-01-02,40,9
2021-01-03,20,16
2021-01-04,38,12
2021-01-05,32,18
2021-01-06,31,14
2021-01-07,33,12
2021-01-08,33,15
2021-01-09,32,17
2021-01-10,29,17
2021-01-11,37,29
2021-01-12,59,22
2021-01-13,54,19
2021-01-14,50,25
2021-01-15,84,15
2021-01-16,57,6
2021-01-17,22,5
2021-01-18,24,9
2021-01-19,24,13
2021-01-20,31,16
2021-01-21,36,20
2021-01-22,36,19
2021-01-23,46,7
2021-01-24,20,5
2021-01-25,23,15
2021-01-26,27,19
2021-01-27,29,25
2021-01-28,30,19
2021-01-29,24,11
2021-01-30,36,12
2021-01-31,44,18
2021-02-01,50,15
2021-02-02,41,9
2021-02-03,21,16
2021-02-04,24,21
2021-02-05,35,32
2021-02-06,59,17
2021-02-07,58,22
2021-02-08,48,20
2021-02-09,53,29
2021-02-10,59,21
2021-02-11,59,22
2021-02-12,56,17
2021-02-13,34,11
2021-02-14,25,18
2021-02-15,33,14
2021-02-16,34,19
2021-02-17,23,13
2021-02-18,26,16
2021-02-19,28,20
2021-02-20,36,18
2021-02-21,36,16
2021-02-22,32,24
2021-02-23,47,16
2021-02-24,42,14
2021-02-25,29,9
2021-02-26,25,15
2021-02-27,31,14
2021-02-28,36,14
2021-03-01,37,15
2021-03-02,30,8
2021-03-03,25,15
2021-03-04,35,13
2021-03-05,27,10
2021-03-06,20,9
2021-03-07,28,10
2021-03-08,29,18
2021-03-09,32,16
2021-03-10,37,18
2021-03-11,37,16
2021-03-12,55,13
2021-03-13,37,7
2021-03-14,22,7
2021-03-15,21,12
2021-03-16,26,18
2021-03-17,33,14
2021-03-18,38,16
2021-03-19,54,9
2021-03-20,25,19
2021-03-21,28,20
2021-03-22,38,20
2021-03-23,41,22
2021-03-24,37,22
2021-03-25,41,25
2021-03-26,48,8
2021-03-27,35,6
2021-03-28,23,10
2021-03-29,20,15
2021-03-30,27,9
2021-03-31,32,11
2021-04-01,21,10
2021-04-02,25,16
2021-04-03,24,16
2021-04-04,27,13
2021-04-05,26,11
2021-04-06,18,16
2021-04-07,21,10
2021-04-08,17,14
2021-04-09,27,8
2021-04-10,32,4
2021-04-11,36,7
2021-04-12,22,12
2021-04-13,30,5
2021-04-14,28,8
2021-04-15,30,12
2021-04-16,21,12
2021-04-17,17,11
2021-04-18,27,17
2021-04-19,39,15
2021-04-20,40,13
2021-04-21,36,8
2021-04-22,18,9
2021-04-23,22,11
2021-04-24,39,10
2021-04-25,41,9
2021-04-26,19,14
2021-04-27,24,16
2021-04-28,41,16
2021-04-29,39,9
2021-04-30,19,6
2021-05-01,18,8
2021-05-02,30,9
2021-05-03,27,9
2021-05-04,28,9
2021-05-05,24,10
2021-05-06,17,9
2021-05-07,20,6
2021-05-08,22,5
2021-05-09,28,10
2021-05-10,29,8
2021-05-11,21,9
2021-05-12,19,15
2021-05-13,26,14
2021-05-14,39,10
2021-05-15,46,9
2021-05-16,40,15
2021-05-17,43,16
2021-05-18,40,11
2021-05-19,34,7
2021-05-20,33,11
2021-05-21,36,9
2021-05-22,46,6
2021-05-23,40,4
2021-05-24,23,7
2021-05-25,29,4
2021-05-26,41,8
2021-05-27,36,4
2021-05-28,20,3
2021-05-29,23,3
2021-05-30,25,7
2021-05-31,26,7
2021-06-01,21,11
2021-06-02,34,9
2021-06-03,30,9
2021-06-04,32,8
2021-06-05,48,7
2021-06-06,54,12
2021-06-07,63,11
2021-06-08,54,11
2021-06-09,46,15
2021-06-10,23,7
2021-06-11,34,9
2021-06-12,35,5
2021-06-13,37,13
2021-06-14,22,15
2021-06-15,28,12
2021-06-16,39,12
2021-06-17,31,11
2021-06-18,38,7
2021-06-19,45,5
2021-06-20,37,10
2021-06-21,57,10
2021-06-22,25,7
2021-06-23,30,8
2021-06-24,32,9
2021-06-25,13,1
2021-06-26,15,2
2021-06-27,26,6
2021-06-28,43,8
2021-06-29,50,10
2021-06-30,40,10
2021-07-01,36,4
2021-07-02,19,3
2021-07-03,20,4
2021-07-04,27,6
2021-07-05,29,8
2021-07-06,50,12
2021-07-07,61,5
2021-07-08,38,9
2021-07-09,24,6
2021-07-10,32,8
2021-07-11,47,8
2021-07-12,31,5
2021-07-13,20,12
2021-07-14,47,12
2021-07-15,34,11
2021-07-16,55,5
2021-07-17,35,6
2021-07-18,32,9
2021-07-19,24,10
2021-07-20,94,11
2021-07-21,66,8
2021-07-22,30,10
2021-07-23,41,9
2021-07-24,34,5
2021-07-25,40,11
2021-07-26,104,12
2021-07-27,82,5
2021-07-28,44,7
2021-07-29,32,10
2021-07-30,18,5
2021-07-31,20,7
2021-08-01,28,10
2021-08-02,32,10
2021-08-03,31,10
2021-08-04,37,9
2021-08-05,14,10
2021-08-06,45,8
2021-08-07,54,9
2021-08-08,57,6
2021-08-09,53,8
2021-08-10,23,7
2021-08-11,47,9
2021-08-12,46,14
2021-08-13,38,7
2021-08-14,37,7
2021-08-15,29,8
2021-08-16,24,9
2021-08-17,36,9
2021-08-18,27,6
2021-08-19,26,9
2021-08-20,25,11
2021-08-21,26,4
2021-08-22,16,9
2021-08-23,16,10
2021-08-24,23,12
2021-08-25,59,12
2021-08-26,60,14
2021-08-27,51,2
2021-08-28,15,5
2021-08-29,19,9
2021-08-30,30,11
2021-08-31,36,14
2021-09-01,31,9
2021-09-02,21,8
2021-09-03,20,5
2021-09-04,19,6
2021-09-05,28,5
2021-09-06,28,10
2021-09-07,25,10
2021-09-08,30,12
2021-09-09,33,10
2021-09-10,25,8
2021-09-11,28,6
2021-09-12,40,11
2021-09-13,37,11
2021-09-14,23,4
2021-09-15,44,9
2021-09-16,23,6
2021-09-17,22,9
2021-09-18,24,5
2021-09-19,27,7
2021-09-20,24,9
2021-09-21,28,8
2021-09-22,23,9
2021-09-23,19,5
2021-09-24,19,6
2021-09-25,24,5
2021-09-26,24,7
2021-09-27,30,11
2021-09-28,38,6
2021-09-29,22,6
2021-09-30,18,8
2021-10-01,26,7
2021-10-02,29,8
2021-10-03,26,5
2021-10-04,20,8
2021-10-05,13,15
2021-10-06,17,15
2021-10-07,18,8
2021-10-08,29,1
2021-10-09,26,2
2021-10-10,16,7
2021-10-11,16,15
2021-10-12,28,12
2021-10-13,35,13
2021-10-14,35,10
2021-10-15,40,3
2021-10-16,23,3
2021-10-17,12,6
2021-10-18,17,6
2021-10-19,18,14
2021-10-20,36,13
2021-10-21,36,8
2021-10-22,35,6
2021-10-23,15,8
2021-10-24,24,9
2021-10-25,20,4
2021-10-26,14,2
2021-10-27,18,10
2021-10-28,29,9
2021-10-29,33,3
2021-10-30,17,4
2021-11-01,16,8
2021-11-02,19,13
2021-11-03,22,10
2021-11-04,20,14
2021-11-05,22,17
2021-11-06,30,19
2021-11-07,41,21
2021-11-08,48,25
2021-11-09,56,26
2021-11-10,55,15
2021-11-11,42,15
2021-11-12,26,5
2021-11-13,26,9
2021-11-14,22,7
2021-11-15,22,8
2021-11-16,24,7
2021-11-17,13,16
2021-11-18,24,9
2021-11-19,54,8
2021-11-20,14,12
2021-11-21,16,14
2021-11-22,26,8
2021-11-23,24,9
2021-11-24,11,11
2021-11-25,14,14
2021-11-26,28,10
2021-11-27,32,3
2021-11-28,9,7
2021-11-29,22,17
2021-11-30,34,14
2021-12-01,24,18
2021-12-02,45,19
2021-12-03,47,9
2021-12-04,13,15
2021-12-05,30,13
2021-12-06,26,9
2021-12-07,42,13
2021-12-08,14,16
2021-12-09,25,14
2021-12-10,33,22
2021-12-11,43,14
2021-12-12,62,5
2021-12-13,15,13
2021-12-14,20,15
2021-12-15,20,46
2021-12-16,24,18
2021-12-17,35,9
2021-12-18,28,13
2021-12-19,23,39
2021-12-20,18,28
2021-12-21,27,32
2021-12-22,44,18
2021-12-23,47,9
2021-12-24,14,17
2021-12-25,32,18
2021-12-26,64,9
2021-12-27,26,13
2021-12-28,27,15
2021-12-29,40,15
2021-12-30,42,23
2021-12-31,52,18
2022-01-01,66,15
2022-01-02,56,9
2022-01-03,26,11
2022-01-04,18,16
2022-01-05,22,18
2022-01-06,31,13
2022-01-07,48,14
2022-01-08,45,17
2022-01-09,49,11
2022-01-10,36,9
2022-01-11,23,11
2022-01-12,53,19
2022-01-13,50,27
2022-01-14,62,17
2022-01-15,51,7
2022-01-16,26,19
2022-01-17,31,5
2022-01-18,37,10
2022-01-19,19,14
2022-01-20,29,16
2022-01-21,45,16
2022-01-22,30,19
2022-01-23,44,17
2022-01-24,67,18
2022-01-25,60,19
2022-01-26,70,15
2022-01-27,29,23
2022-01-28,40,21
2022-01-29,60,8
2022-01-30,36,14
2022-01-31,30,33
2022-02-01,50,38
2022-02-02,55,34
2022-02-03,68,24
2022-02-04,57,15
2022-02-05,26,9
2022-02-06,32,13
2022-02-07,39,39
2022-02-08,51,17
2022-02-09,34,11
2022-02-10,35,23
2022-02-11,40,24
2022-02-12,34,8
2022-02-13,32,9
2022-02-14,33,13
2022-02-15,41,19
2022-02-16,46,21
2022-02-17,40,8
2022-02-18,31,6
2022-02-19,16,10
2022-02-20,29,8
2022-02-21,29,14
2022-02-22,39,25
2022-02-23,56,8
2022-02-24,31,14
2022-02-25,21,13
2022-02-26,27,18
2022-02-27,39,12
2022-02-28,45,14
2022-03-01,44,24
2022-03-02,43,17
2022-03-03,41,13
2022-03-04,33,13
2022-03-05,24,12
2022-03-06,35,9
2022-03-07,53,11
2022-03-08,48,9
2022-03-09,11,24
2022-03-10,28,19
2022-03-11,50,18
2022-03-12,58,13
2022-03-13,29,6
2022-03-14,29,15
2022-03-15,41,13
2022-03-16,42,14
2022-03-17,49,26
2022-03-18,55,20
2022-03-19,59,16
2022-03-20,46,6
2022-03-21,19,8
2022-03-22,13,8
2022-03-23,13,9
2022-03-24,14,7
2022-03-25,14,12
2022-03-26,16,7
2022-03-27,12,6
2022-03-28,14,7
2022-03-29,14,11
2022-03-30,15,10
2022-03-31,44,10
2022-04-01,21,8
2022-04-02,14,12
2022-04-03,27,11
2022-04-04,20,15
2022-04-05,22,12
2022-04-06,29,11
2022-04-07,35,12
2022-04-08,23,12
2022-04-09,28,7
2022-04-10,15,9
2022-04-11,12,14
2022-04-12,26,16
2022-04-13,26,8
2022-04-14,32,12
2022-04-15,23,5
2022-04-16,24,6
2022-04-17,11,6
2022-04-18,15,4
2022-04-19,24,7
2022-04-20,13,7
2022-04-21,20,9
2022-04-22,19,13
2022-04-23,21,5
2022-04-24,20,12
2022-04-25,28,12
2022-04-26,30,9
2022-04-27,18,7
2022-04-28,13,9
2022-04-29,16,8
2022-04-30,18,9
2022-05-01,24,8
2022-05-02,28,6
2022-05-03,17,13
2022-05-04,29,12
2022-05-05,22,12
2022-05-06,26,3
2022-05-07,31,3
2022-05-08,23,5
2022-05-09,29,6
2022-05-10,31,7
2022-05-11,36,12
2022-05-12,21,11
2022-05-13,32,3
2022-05-14,20,2
2022-05-15,16,5
2022-05-16,29,4
2022-05-17,20,10
2022-05-18,25,14
2022-05-19,27,8
2022-05-20,30,20
2022-05-21,46,7
2022-05-22,52,6
2022-05-23,19,3
2022-05-24,19,6
2022-05-25,19,7
2022-05-26,20,4
2022-05-27,25,3
2022-05-28,22,4
2022-05-29,20,4
2022-05-30,35,5
2022-05-31,36,7
2022-06-01,22,8
2022-06-02,21,8
2022-06-03,22,4
2022-06-04,23,5
2022-06-05,15,12
2022-06-06,26,7
2022-06-07,22,8
2022-06-08,23,12
2022-06-09,30,7
2022-06-10,20,6
2022-06-11,21,3
2022-06-12,33,9
2022-06-13,28,9
2022-06-14,24,5
2022-06-15,17,7
2022-06-16,23,6
2022-06-17,31,2
2022-06-18,12,4
2022-06-19,20,8
2022-06-20,24,9
2022-06-21,26,3
2022-06-22,26,7
2022-06-23,30,11
2022-06-24,31,8
2022-06-25,40,5
2022-06-26,53,6
2022-06-27,25,9
2022-06-28,24,11
2022-06-29,26,10
2022-06-30,26,9
2022-07-01,45,4
2022-07-02,30,5
2022-07-03,29,6
2022-07-04,35,11
2022-07-05,41,6
2022-07-06,24,9
2022-07-07,29,8
2022-07-08,27,7
2022-07-09,31,4
2022-07-10,22,7
2022-07-11,30,6
2022-07-12,30,7
2022-07-13,32,14
2022-07-14,41,9
2022-07-15,32,5
2022-07-16,31,4
2022-07-17,41,7
2022-07-18,35,5
2022-07-19,30,11
2022-07-20,49,6
2022-07-21,52,8
2022-07-22,46,7
2022-07-23,45,4
2022-07-24,48,5
2022-07-25,47,9
2022-07-26,20,13
2022-07-27,23,10
2022-07-28,37,8
2022-07-29,35,6
2022-07-30,24,5
2022-07-31,22,8
2022-08-01,22,8
2022-08-02,33,7
2022-08-03,26,9
2022-08-04,38,10
2022-08-05,38,6
2022-08-06,37,3
2022-08-07,25,5
2022-08-08,28,7
2022-08-09,32,4
2022-08-10,23,7
2022-08-11,30,9
2022-08-12,24,4
2022-08-13,21,7
2022-08-14,22,9
2022-08-15,26,7
2022-08-16,25,6
2022-08-17,34,6
2022-08-18,27,10
2022-08-19,38,10
2022-08-20,50,5
2022-08-21,37,6
2022-08-22,31,8
2022-08-23,16,15
2022-08-24,24,11
2022-08-25,33,13
2022-08-26,39,5
2022-08-27,33,2
2022-08-28,25,6
2022-08-29,33,5
2022-08-30,30,8
2022-08-31,21,8
2022-09-01,23,5
2022-09-02,15,6
2022-09-03,20,4
2022-09-04,20,8
2022-09-05,21,9
2022-09-06,20,5
2022-09-07,19,8
2022-09-08,19,15
2022-09-09,30,10
2022-09-10,41,9
2022-09-11,41,11
2022-09-12,20,7
2022-09-13,20,7
2022-09-14,26,9
2022-09-15,21,10
2022-09-16,15,5
2022-09-17,18,4
2022-09-18,36,8
2022-09-19,35,7
2022-09-20,19,9
2022-09-21,21,10
2022-09-22,23,6
2022-09-23,9,7
2022-09-24,15,6
2022-09-25,25,7
2022-09-26,25,10
2022-09-27,25,8
2022-09-28,17,8
2022-09-29,20,10
2022-09-30,23,14
2022-10-01,28,6
2022-10-02,21,8
2022-10-03,19,5
2022-10-04,23,6
2022-10-05,17,12
2022-10-06,26,12
2022-10-07,31,5
2022-10-08,15,7
2022-10-09,24,16
2022-10-10,37,16
2022-10-11,37,13
2022-10-12,43,9
2022-10-13,32,9
2022-10-14,17,12
2022-10-15,32,13
2022-10-16,52,17
2022-10-17,49,14
2022-10-18,37,10
2022-10-19,23,12
2022-10-20,23,16
2022-10-21,32,15
2022-10-22,41,20
2022-10-23,47,14
2022-10-24,28,15
2022-10-25,24,15
2022-10-26,20,8
2022-10-27,23,13
2022-10-28,18,16
2022-10-29,32,18
2022-10-31,39,14
2022-11-01,28,12
2022-11-02,33,20
2022-11-03,42,18
2022-11-04,41,9
2022-11-05,27,6
2022-11-06,25,2
2022-11-07,28,7
2022-11-08,22,10
2022-11-09,18,13
2022-11-10,20,10
2022-11-11,26,6
2022-11-12,23,3
2022-11-13,22,7
2022-11-14,30,11
2022-11-15,11,18
2022-11-16,21,10
2022-11-17,20,9
2022-11-18,24,12
2022-11-19,27,12
2022-11-20,45,8
2022-11-21,33,12
2022-11-22,17,19
2022-11-23,41,16
2022-11-24,54,14
2022-11-25,34,11
2022-11-26,34,7
2022-11-27,14,11
2022-11-28,28,8
2022-11-29,11,13
2022-11-30,20,12
2022-12-01,22,7
2022-12-02,17,16
2022-12-03,25,9
2022-12-04,26,9
2022-12-05,22,21
2022-12-06,36,18
2022-12-07,29,10
2022-12-08,24,9
2022-12-09,15,13
2022-12-10,17,7
2022-12-11,22,7
2022-12-12,29,15
2022-12-13,29,15
2022-12-14,24,12
2022-12-15,34,11
2022-12-16,19,6
2022-12-17,29,7
2022-12-18,12,7
2022-12-19,25,9
2022-12-20,21,10
2022-12-21,18,22
2022-12-22,31,17
2022-12-23,39,4
2022-12-24,39,7
2022-12-25,36,9
2022-12-26,38,15
2022-12-27,33,19
2022-12-28,42,24
2022-12-29,58,25
2022-12-30,62,22
2022-12-31,68,12
2023-01-01,46,4
2023-01-02,16,17
2023-01-03,38,23
2023-01-04,53,17
2023-01-05,49,9
2023-01-06,16,17
2023-01-07,35,11
2023-01-08,31,12
2023-01-09,24,17
2023-01-10,43,14
2023-01-11,28,16
2023-01-12,31,19
2023-01-13,37,9
2023-01-14,26,10
2023-01-15,25,4
2023-01-16,12,14
2023-01-17,25,18
2023-01-18,33,12
2023-01-19,27,16
2023-01-20,28,16
2023-01-21,24,13
2023-01-22,27,8
2023-01-23,33,11
2023-01-24,27,13
2023-01-25,32,17
2023-01-26,35,9
2023-01-27,17,15
2023-01-28,22,15
2023-01-29,38,17
2023-01-30,38,19
2023-01-31,44,14
2023-02-01,30,14
2023-02-02,22,17
2023-02-03,39,9
2023-02-04,28,8
2023-02-05,23,13
2023-02-06,32,19
2023-02-07,48,8
2023-02-08,29,15
2023-02-09,48,24
2023-02-10,46,14
2023-02-11,36,11
2023-02-12,17,17
2023-02-13,33,16
2023-02-14,38,19
2023-02-15,35,18
2023-02-16,36,21
2023-02-17,40,14
2023-02-18,40,10
2023-02-19,20,13
2023-02-20,39,12
2023-02-21,35,10
2023-02-22,27,14
2023-02-23,28,15
2023-02-24,29,13
2023-02-25,35,13
2023-02-26,27,18
2023-02-27,66,11
2023-02-28,44,10
2023-03-01,27,14
2023-03-02,29,13
2023-03-03,29,11
2023-03-04,20,5
2023-03-05,17,12
2023-03-06,23,12
2023-03-07,16,10
2023-03-08,17,5
2023-03-09,16,5
2023-03-10,19,16
2023-03-11,30,7
2023-03-12,26,9
2023-03-13,24,14
2023-03-14,36,7
2023-03-15,34,8
2023-03-16,17,14
2023-03-17,23,18
2023-03-18,48,11
2023-03-19,41,6
2023-03-20,18,10
2023-03-21,26,20
2023-03-22,48,13
2023-03-23,46,14
2023-03-24,43,11
2023-03-25,26,7
2023-03-26,26,18
2023-03-27,27,16
2023-03-28,28,16
2023-03-29,33,10
2023-03-30,20,14
2023-03-31,28,16
2023-04-01,52,6
2023-04-02,16,16
2023-04-03,24,18
2023-04-04,41,7
2023-04-05,37,15
2023-04-06,44,10
2023-04-07,19,10
2023-04-08,22,8
2023-04-09,23,16
2023-04-10,29,15
2023-04-11,34,13
2023-04-12,32,18
2023-04-13,43,17
2023-04-14,61,7
2023-04-15,52,6
2023-04-16,31,12
2023-04-17,33,11
2023-04-18,25,9
2023-04-19,12,10
2023-04-20,20,9
2023-04-21,29,3
2023-04-22,35,3
2023-04-23,35,10
2023-04-24,26,9
2023-04-25,33,5
2023-04-26,26,13
2023-04-27,43,12
2023-04-28,45,3
2023-04-29,37,6
2023-04-30,27,8
2023-05-01,25,12
2023-05-02,27,12
2023-05-03,26,10
2023-05-04,17,9
2023-05-05,17,9
2023-05-06,19,5
2023-05-07,19,6
2023-05-08,24,9
2023-05-09,23,13
2023-05-10,28,13
2023-05-11,50,17
2023-05-12,41,8
2023-05-13,38,3
2023-05-14,24,11
2023-05-15,22,10
2023-05-16,34,8
2023-05-17,25,11
2023-05-18,17,9
2023-05-19,26,5
2023-05-20,39,4
2023-05-21,44,5
2023-05-22,40,8
2023-05-23,30,12
2023-05-24,26,6
2023-05-25,17,9
2023-05-26,22,7
2023-05-27,29,5
2023-05-28,33,4
2023-05-29,30,5
2023-05-30,29,7
2023-05-31,43,9
2023-06-01,63,15
2023-06-02,60,2
2023-06-03,36,2
2023-06-04,10,8
2023-06-05,13,8
2023-06-06,81,8
2023-06-07,60,9
2023-06-08,65,11
2023-06-09,48,10
2023-06-10,52,7
2023-06-11,47,10
2023-06-12,91,8
2023-06-13,60,9
2023-06-14,48,11
2023-06-15,40,10
2023-06-16,57,7
2023-06-17,45,3
2023-06-18,17,5
2023-06-19,16,6
2023-06-20,16,4
2023-06-21,16,4
2023-06-22,19,9
2023-06-23,27,3
2023-06-24,19,3
2023-06-25,29,7
2023-06-26,35,8
2023-06-27,37,8
2023-06-28,35,8
2023-06-29,51,13
2023-06-30,62,10
2023-07-01,95,6
2023-07-02,106,11
2023-07-03,37,9
2023-07-04,38,9
2023-07-05,48,9
2023-07-06,53,6
2023-07-07,35,5
2023-07-08,35,3
2023-07-09,27,8
2023-07-10,22,8
2023-07-11,36,11
2023-07-12,61,9
2023-07-13,59,9
2023-07-14,31,3
2023-07-15,38,2
2023-07-16,29,9
2023-07-17,81,8
2023-07-18,56,9
2023-07-19,65,6
2023-07-20,37,12
2023-07-21,50,9
2023-07-22,31,8
2023-07-23,36,8
2023-07-24,47,9
2023-07-25,42,9
2023-07-26,65,7
2023-07-27,50,7
2023-07-28,43,7
2023-07-29,41,5
2023-07-30,19,8
2023-07-31,23,7
2023-08-01,18,8
2023-08-02,16,8
2023-08-03,19,6
2023-08-04,33,12
2023-08-05,57,6
2023-08-06,47,9
2023-08-07,58,7
2023-08-08,32,5
2023-08-09,36,10
2023-08-10,54,7
2023-08-11,32,8
2023-08-12,33,3
2023-08-13,30,8
2023-08-14,17,11
2023-08-15,25,6
2023-08-16,18,6
2023-08-17,13,9
2023-08-18,17,4
2023-08-19,34,4
2023-08-20,58,11
2023-08-21,62,5
2023-08-22,34,6
2023-08-23,20,8
2023-08-24,23,5
2023-08-25,18,10
2023-08-26,32,5
2023-08-27,27,4
2023-08-28,24,7
2023-08-29,19,11
2023-08-30,18,6
2023-08-31,17,7
2023-09-01,16,5
2023-09-02,24,8
2023-09-03,33,18
2023-09-04,57,12
2023-09-05,63,11
2023-09-06,79,10
2023-09-07,59,10
2023-09-08,56,7
2023-09-09,49,9
2023-09-10,38,8
2023-09-11,23,10
2023-09-12,17,9
2023-09-13,29,9
2023-09-14,21,5
2023-09-15,16,3
2023-09-16,21,4
2023-09-17,26,12
2023-09-18,25,5
2023-09-19,15,8
2023-09-20,21,12
2023-09-21,25,7
2023-09-22,26,7
2023-09-23,17,7
2023-09-24,25,14
2023-09-25,42,17
2023-09-26,43,13
2023-09-27,28,10
2023-09-28,36,16
2023-09-29,56,8
2023-09-30,67,12
2023-10-01,94,11
2023-10-02,50,16
2023-10-03,41,15
2023-10-04,55,13
2023-10-05,50,9
2023-10-06,29,7
2023-10-07,37,3
2023-10-08,11,8
2023-10-09,15,16
2023-10-10,25,15
2023-10-11,31,16
2023-10-12,27,8
2023-10-13,14,8
2023-10-14,20,6
2023-10-15,17,9
2023-10-16,13,8
2023-10-17,15,13
2023-10-18,22,9
2023-10-19,16,11
2023-10-20,17,12
2023-10-21,15,4
2023-10-22,6,7
2023-10-23,8,13
2023-10-24,18,15
2023-10-25,27,22
2023-10-26,41,20
2023-10-27,51,13
2023-10-28,35,7
2023-10-30,11,11
2023-10-31,10,10
2023-11-01,14,12
2023-11-02,18,15
2023-11-03,22,16
2023-11-04,29,16
2023-11-05,33,18
2023-11-06,48,11
2023-11-07,25,12
2023-11-08,41,10
2023-11-09,9,16
2023-11-10,23,14
2023-11-11,24,9
2023-11-12,16,12
2023-11-13,23,17
2023-11-14,27,15
2023-11-15,28,14
2023-11-16,24,20
2023-11-17,46,17
2023-11-18,42,10
2023-11-19,17,10
2023-11-20,17,11
2023-11-21,14,13
2023-11-22,19,8
2023-11-23,15,7
2023-11-24,11,8
2023-11-25,20,14
2023-11-26,18,14
2023-11-27,28,8
2023-11-28,14,9
2023-11-29,16,12
2023-11-30,12,28
2023-12-01,33,
